code,url
ICS 111,http://uhmanoa.github.io/ReviewICS111/
ICS 141,http://uhmanoa.github.io/ReviewICS141/
ICS 211,http://uhmanoa.github.io/ReviewICS211/
ICS 212,http://uhmanoa.github.io/ReviewICS212/
ICS 241,http://uhmanoa.github.io/ReviewICS241/
ICS 311,http://uhmanoa.github.io/ReviewICS311/
ICS 312,http://uhmanoa.github.io/ReviewICS312/
ICS 313,http://uhmanoa.github.io/ReviewICS313/
ICS 314,http://uhmanoa.github.io/ReviewICS314/
ICS 321,http://uhmanoa.github.io/ReviewICS321/
ICS 332,http://uhmanoa.github.io/ReviewICS332/
ICS 414,http://uhmanoa.github.io/ReviewICS414/
ICS 415,http://uhmanoa.github.io/ReviewICS415/
ICS 421,http://uhmanoa.github.io/ReviewICS421/
ICS 435,http://uhmanoa.github.io/ReviewICS435/
ICS 451,http://uhmanoa.github.io/ReviewICS451/
ICS 461,http://uhmanoa.github.io/ReviewICS461/
ICS 464,http://uhmanoa.github.io/ReviewICS464/
ICS 484,http://uhmanoa.github.io/ReviewICS484/
ICS 491,http://uhmanoa.github.io/ReviewICS491/